hydrophobic,charged,polar,positive,acidic,small,tiny,hydoxylic,aliphatic,sulphur
A,1,0,0,0,0,1,1,0,0,0
R,0,1,1,1,0,0,0,0,0,0
N,0,0,1,0,1,1,0,0,0,0
D,0,1,1,0,0,1,0,0,0,0
C,1,0,1,0,0,1,1,0,0,1
Q,0,0,1,0,1,0,0,0,0,0
E,0,1,1,0,0,0,0,0,0,0
G,0,0,0,0,0,1,1,0,0,0
H,1,1,1,1,0,0,0,0,0,0
I,1,0,0,0,0,0,0,0,1,0
L,1,0,0,0,0,0,0,0,1,0
K,1,1,1,1,0,0,0,0,0,0
M,1,0,0,0,0,0,0,0,0,1
F,1,0,0,0,0,0,0,0,0,0
P,0,0,0,0,0,1,0,0,0,0
S,0,0,1,0,0,1,1,1,0,0
T,1,0,1,0,0,1,0,1,0,0
W,1,0,1,0,0,0,0,0,0,0
Y,1,0,1,0,0,0,0,0,0,0
V,1,0,0,0,0,1,0,0,1,0